,Tipo greedy,Cambio promedio,Valor objetivo,Tiempo,Promedio Economía (P),Promedio Diplomacia (P),Promedio Estado (P),Promedio Sociedad (P),Promedio Género,Promedio Economía (IDL),Promedio Diplomacia (IDL),Promedio Estado (IDL),Promedio Sociedad (IDL)
0,normal,0,3.431421468019008,4.056858062744141,1.067587705722133,1.0160322853873875,3.932932207420619,4.381694674254733,6.15,1.4117926404606105,1.8587742595528247,0.9832028850339184,2.1065775342440083
1,normal,0,3.431421468019008,3.338127613067627,1.067587705722133,1.0160322853873875,3.932932207420619,4.381694674254733,6.15,1.4117926404606103,1.8587742595528247,0.9832028850339183,2.1065775342440083
