,Tipo greedy,Cambio promedio,Valor objetivo,Tiempo,Promedio Economía (P),Promedio Diplomacia (P),Promedio Estado (P),Promedio Sociedad (P),Promedio Género,Promedio Economía (IDL),Promedio Diplomacia (IDL),Promedio Estado (IDL),Promedio Sociedad (IDL)
0,normal,0,31.280974931842763,206.92388463020325,9.025131683387126,10.11709251845272,9.505250931651998,9.445010743179754,20.24839999999993,8.981685443542816,9.698047464807079,9.13207174172847,8.638142600046358
