,Tipo greedy,Cambio promedio,Valor objetivo,Tiempo,Promedio Economía,Promedio Diplomacia,Promedio Estado,Promedio Sociedad,Promedio Género
0,normal,0,3.970671440314789,2.0402638912200928,0.9236197193427949,1.734503074716069,1.6284589422801496,3.654761144290565,7.174
1,random,0,3.684333399883867,2.757934808731079,0.8813947100201152,1.6207534323031416,1.580267578583607,3.2862510788608708,6.677085388994305
2,iterativo,0,3.5541841052623906,81.3315281867981,0.9838879988876361,1.7282808495989506,1.284889995332508,3.1113093667056866,3.8270531400966172
