,Tipo greedy,Cambio promedio,Valor objetivo,Tiempo,Promedio Economía (P),Promedio Diplomacia (P),Promedio Estado (P),Promedio Sociedad (P),Promedio Género,Promedio Economía (IDL),Promedio Diplomacia (IDL),Promedio Estado (IDL),Promedio Sociedad (IDL)
0,normal,0,1.300575252213973,2.286789655685425,0.9409601696862704,1.055365044132743,1.0589890722389166,0.8858228418632006,1.6240000000000014,1.06111942441353,1.279635892662007,0.8504746221045184,0.881584937589651
1,normal,0,1.300575252213973,2.361668348312378,0.9409601696862704,1.055365044132743,1.0589890722389166,0.8858228418632006,1.6240000000000014,1.06111942441353,1.279635892662007,0.8504746221045184,0.881584937589651
2,normal,0,1.300575252213973,3.1905267238616943,0.9409601696862703,1.055365044132743,1.0589890722389166,0.8858228418632006,1.6240000000000014,1.06111942441353,1.279635892662007,0.8504746221045184,0.881584937589651
