,num,Cambio promedio,Economía,Diplomacia,Estado,Sociedad,Género
0,4,0,0.4807419343034222,0.6683208985264412,0.3087618306688298,0.4922540609722669,0.227
