,num,Cambio promedio,Economía,Diplomacia,Estado,Sociedad,Género
0,4,0,0.1207870639658738,0.7552273016276314,0.3246506506066695,0.030061304635608,0.8353226682778128
1,4,0,0.7291814171447237,0.8764297090490153,0.1081019811962973,0.5034059593579333,0.5733672978371972
2,4,0,0.8054986678028163,0.277305440531489,0.09029155472672346,0.6145663831093382,0.844909587620692
